filename, Classic, Ghost, Guardian, Knife, Missing, Phantom, Sheriff, Vandal
ghost-0052_png.rf.029fe0aa67403bcde6d35b83efbc29aa.jpg, 0, 1, 0, 0, 0, 0, 0, 0
vandal-0103_png.rf.0039a504623564e4699c56adbec8b409.jpg, 0, 0, 0, 0, 0, 0, 0, 1
guardian-0083_png.rf.0238b30b75b7c62ad0b64185f6d062a2.jpg, 0, 0, 1, 0, 0, 0, 0, 0
phantom-0068_png.rf.037c85dcd9b2ab45524514a5e664cb2b.jpg, 0, 0, 0, 0, 0, 1, 0, 0
vandal-0055_png.rf.02df5e9ff61edf2e1399b989fa221816.jpg, 0, 0, 0, 0, 0, 0, 0, 1
vandal-0053_png.rf.023502cb4f3072ac08331fbbf05295b5.jpg, 0, 0, 0, 0, 0, 0, 0, 1
ghost-0003_png.rf.066b1d10730fa25c838eefd99daa720c.jpg, 0, 1, 0, 0, 0, 0, 0, 0
vandal-0013_png.rf.06bf6fb0ffeeb82b3a01c289c3c643c7.jpg, 0, 0, 0, 0, 0, 0, 0, 1
sheriff-0046_png.rf.08ca2bfd7d883142aa8170cae3c0cc85.jpg, 0, 0, 0, 0, 0, 0, 1, 0
knife-0035_png.rf.03f8f9449c90414f39152c7c9f9cb3c6.jpg, 0, 0, 0, 0, 1, 0, 0, 0
vandal-0124_png.rf.02574c36fcaf7686d82b8579a0023614.jpg, 0, 0, 0, 0, 0, 0, 0, 1
ghost-0097_png.rf.02f2e19d8acf748e38c208b228394f9e.jpg, 0, 1, 0, 0, 0, 0, 0, 0
guardian-0008_png.rf.08c9caeb59238334219eebb18ab900e5.jpg, 0, 0, 1, 0, 0, 0, 0, 0
phantom-0049_png.rf.0446e855393b942927c5c83ea6d7623c.jpg, 0, 0, 0, 0, 0, 1, 0, 0
guardian-0074_png.rf.0164f86d6f7a06e0a2c3b7ad416bba35.jpg, 0, 0, 1, 0, 0, 0, 0, 0
phantom-0017_png.rf.06c78217ccf141e43a5492e892cf66d0.jpg, 0, 0, 0, 0, 0, 1, 0, 0
vandal-0076_png.rf.08cc63a7a5ac227a408da9d3db8a82f4.jpg, 0, 0, 0, 0, 0, 0, 0, 1
guardian-0080_png.rf.02e90e4d105f4d1e266c74e24bd402bb.jpg, 0, 0, 1, 0, 0, 0, 0, 0
guardian-0019_png.rf.043ae873c2f6f3ce812527dc3ae01a72.jpg, 0, 0, 1, 0, 0, 0, 0, 0
phantom-0042_png.rf.06ee7585767d89c23633f557b5834ad2.jpg, 0, 0, 0, 0, 0, 1, 0, 0
guardian-0047_png.rf.0964747e96c89ac662977d009bc2e529.jpg, 0, 0, 1, 0, 0, 0, 0, 0
vandal-0135_png.rf.0a022d53f5ce16720609870c2e58e51a.jpg, 0, 0, 0, 0, 0, 0, 0, 1
vandal-0088_png.rf.0967a761d067bd9928363d92b75b48b2.jpg, 0, 0, 0, 0, 0, 0, 0, 1
phantom-0038_png.rf.0a44e379c1adb8257d6493e27daeb8e0.jpg, 0, 0, 0, 0, 0, 1, 0, 0
ghost-0006_png.rf.0502c13171b565bf9457635f0854bc28.jpg, 0, 1, 0, 0, 0, 0, 0, 0
phantom-0043_png.rf.036050eea68a1cfe5a5795880f78bae7.jpg, 0, 0, 0, 0, 0, 1, 0, 0
vandal-0114_png.rf.0ad572a2ef1962e8e1ea8ca17c4e1376.jpg, 0, 0, 0, 0, 0, 0, 0, 1
phantom-0007_png.rf.0b68f64dd36a0179a821de10b9564565.jpg, 0, 0, 0, 0, 0, 1, 0, 0
vandal-0054_png.rf.0e10659bfaeeec81c9b7cce8e3323604.jpg, 0, 0, 0, 0, 0, 0, 0, 1
vandal-0104_png.rf.0c74d481667c14a05c4b63b2d662a1ab.jpg, 0, 0, 0, 0, 0, 0, 0, 1
ghost-0075_png.rf.055ffe0a264cf03023e4ed23734d4ab6.jpg, 0, 1, 0, 0, 0, 0, 0, 0
sheriff-0024_png.rf.0ddb27e14f3b60dba52d479213e3403c.jpg, 0, 0, 0, 0, 0, 0, 1, 0
vandal-0118_png.rf.0aa3f55fa66f4f9081f6cc63fb4088b9.jpg, 0, 0, 0, 0, 0, 0, 0, 1
phantom-0048_png.rf.0f406688a44d1da15e0bfab36a783cce.jpg, 0, 0, 0, 0, 0, 1, 0, 0
phantom-0093_png.rf.135accbb35b17b257b84de8a1b238392.jpg, 0, 0, 0, 0, 0, 1, 0, 0
vandal-0097_png.rf.0c8b12d719dbe9793a80c5f96243e9f5.jpg, 0, 0, 0, 0, 0, 0, 0, 1
knife-0133_png.rf.1344f28f6eb0eab6f1db510a07fd8f05.jpg, 0, 0, 0, 1, 0, 0, 0, 0
guardian-0027_png.rf.12a04ba4aa86d6ba24ff78e40e959fa4.jpg, 0, 0, 1, 0, 0, 0, 0, 0
phantom-0064_png.rf.174fb9a70963093bc76b795079fd2e21.jpg, 0, 0, 0, 0, 0, 1, 0, 0
guardian-0118_png.rf.0ab1d7f754071d6c93f2de795b5dadea.jpg, 0, 0, 1, 0, 0, 0, 0, 0
vandal-0014_png.rf.11a51e9e2f20d1f34ff3201d714cd916.jpg, 0, 0, 0, 0, 0, 0, 0, 1
vandal-0031_png.rf.12948cc039b7f01fc70ef71f70e9c1ae.jpg, 0, 0, 0, 0, 0, 0, 0, 1
sheriff-0053_png.rf.166261be362d3d1f956bf4db3316080b.jpg, 0, 0, 0, 0, 0, 0, 1, 0
guardian-0095_png.rf.177d62a87725680371f5d60555d467be.jpg, 0, 0, 1, 0, 0, 0, 0, 0
guardian-0060_png.rf.13ecac88f82f73cadddf357c34ace0f1.jpg, 0, 0, 1, 0, 0, 0, 0, 0
classic-0019_png.rf.184887f390ff58cb0846ddea9dc9ae31.jpg, 1, 0, 0, 0, 0, 0, 0, 0
guardian-0194_png.rf.1194495487757152d2738ede54d58b0d.jpg, 0, 0, 1, 0, 0, 0, 0, 0
vandal-0086_png.rf.142598ced95281e8cb9a868027e54753.jpg, 0, 0, 0, 0, 0, 0, 0, 1
vandal-0041_png.rf.194369b0fcfb865b569bcd981ac01184.jpg, 0, 0, 0, 0, 0, 0, 0, 1
knife-0032_png.rf.16726d6a3d55718fbd72328cc3990735.jpg, 0, 0, 0, 1, 0, 0, 0, 0
ghost-0004_png.rf.0e5436a6877eba966ad3b414c9954eed.jpg, 0, 1, 0, 0, 0, 0, 0, 0
sheriff-0041_png.rf.1a204da0ad7a8deaff6b58566746b388.jpg, 0, 0, 0, 0, 0, 0, 1, 0
knife-0079_png.rf.2044e05c2f5b4fe1e78f2c37ec0e363e.jpg, 0, 0, 0, 1, 0, 0, 0, 0
guardian-0193_png.rf.1d2f08effcdb1609a9939a1036aac9ab.jpg, 0, 0, 1, 0, 0, 0, 0, 0
guardian-0070_png.rf.1b15c5a0a3d1f535d5b7bfbafc5cf6eb.jpg, 0, 0, 1, 0, 0, 0, 0, 0
vandal-0128_png.rf.17b466764abe0fd7fdb6c549bf77d9bd.jpg, 0, 0, 0, 0, 0, 0, 0, 1
guardian-0011_png.rf.19628e2ed849823e0b4b0a03f622619c.jpg, 0, 0, 1, 0, 0, 0, 0, 0
vandal-0108_png.rf.1c2930131cb97ecfbea43a4cc2de7a4e.jpg, 0, 0, 0, 0, 0, 0, 0, 1
knife-0019_png.rf.19c7ce39c447bb95f45413347243d939.jpg, 0, 0, 0, 1, 0, 0, 0, 0
vandal-0130_png.rf.11db60efd6d61a18c546d95a48958a56.jpg, 0, 0, 0, 0, 0, 0, 0, 1
guardian-0161_png.rf.1c1c537009e8f04c39d805f6f7cadd81.jpg, 0, 0, 1, 0, 0, 0, 0, 0
classic-0004_png.rf.1d7d362ea651b6bbc1202813d1a88400.jpg, 1, 0, 0, 0, 0, 0, 0, 0
phantom-0109_png.rf.1c5b69a963ebadaea62c43ae76ecdc49.jpg, 0, 0, 0, 0, 0, 1, 0, 0
phantom-0055_png.rf.1d5e2569a52de6336f8140da07a0715e.jpg, 0, 0, 0, 0, 0, 1, 0, 0
vandal-0044_png.rf.1d37a978e4b9b988ce304cf09b501f33.jpg, 0, 0, 0, 0, 0, 0, 0, 1
knife-0093_png.rf.1fc91373da34b917d5cfc1753d9bb48a.jpg, 0, 0, 0, 1, 0, 0, 0, 0
guardian-0044_png.rf.20886ff6a5f8824e066855bacabaf6da.jpg, 0, 0, 1, 0, 0, 0, 0, 0
guardian-0146_png.rf.11b0d5615fc05b2f1ce4d1f729a66887.jpg, 0, 0, 1, 0, 0, 0, 0, 0
knife-0009_png.rf.22473b41a38368ef250271c5f6439570.jpg, 0, 0, 0, 1, 0, 0, 0, 0
vandal-0051_png.rf.20e3e231788373576854648fcbb66f78.jpg, 0, 0, 0, 0, 0, 0, 0, 1
sheriff-0061_png.rf.21ae80ecb1909aee2ca333aae2715371.jpg, 0, 0, 0, 0, 0, 0, 1, 0
sheriff-0018_png.rf.18e12d71e52c6f0a0fa04130f8230947.jpg, 0, 0, 0, 0, 0, 0, 1, 0
guardian-0106_png.rf.210d94072def8ddf5bb2d43a58a4dacf.jpg, 0, 0, 1, 0, 0, 0, 0, 0
sheriff-0031_png.rf.1e1c97c662b927b122b81b3169c0750e.jpg, 0, 0, 0, 0, 0, 0, 1, 0
phantom-0045_png.rf.22e803d6f291128e2275f128d3788ba9.jpg, 0, 0, 0, 0, 0, 1, 0, 0
guardian-0100_png.rf.2199f758a5bea61ddb72a23304846703.jpg, 0, 0, 1, 0, 0, 0, 0, 0
sheriff-0022_png.rf.23d53ecda0c0f9d43bbc426949c4d058.jpg, 0, 0, 0, 0, 0, 0, 1, 0
knife-0015_png.rf.2339285a917b6781497fe41bcf4648b6.jpg, 0, 0, 0, 1, 0, 0, 0, 0
sheriff-0044_png.rf.22319f14369bc13f668d51ee23472c3a.jpg, 0, 0, 0, 0, 0, 0, 1, 0
knife-0084_png.rf.228399435a986f38364be105da5f84ba.jpg, 0, 0, 0, 1, 0, 0, 0, 0
knife-0088_png.rf.26f43995753b8a00b60a596736990ca5.jpg, 0, 0, 0, 1, 0, 0, 0, 0
knife-0118_png.rf.29a70d63f8264b1cce600391b96de031.jpg, 0, 0, 0, 1, 0, 0, 0, 0
guardian-0135_png.rf.25ae82f277707b4c9e4e7c727c03be8b.jpg, 0, 0, 1, 0, 0, 0, 0, 0
vandal-0068_png.rf.2692b61ad94e58617b3923175dd7e884.jpg, 0, 0, 0, 0, 0, 0, 0, 1
sheriff-0026_png.rf.2ab2d30e22bbf1ff684b6cd74d1c64d5.jpg, 0, 0, 0, 0, 0, 0, 1, 0
vandal-0105_png.rf.29d07795d362a078a444938320dc7c80.jpg, 0, 0, 0, 0, 0, 0, 0, 1
guardian-0128_png.rf.23befe0b1a3e9add47df02db441797a0.jpg, 0, 0, 1, 0, 0, 0, 0, 0
ghost-0041_png.rf.29bbe49d59ecb49f69442f860e5a24d1.jpg, 0, 1, 0, 0, 0, 0, 0, 0
classic-0016_png.rf.281cf883fbb3d964cd4c35dfaaa1671d.jpg, 1, 0, 0, 0, 0, 0, 0, 0
ghost-0043_png.rf.2b394cd00ed3d9d99b26cef77161eaea.jpg, 0, 1, 0, 0, 0, 0, 0, 0
vandal-0063_png.rf.2a363a27fb5aa40a6668bcf8d2bcc024.jpg, 0, 0, 0, 0, 0, 0, 0, 1
guardian-0191_png.rf.2ad9e495cafaef2b7e0047072e5d7882.jpg, 0, 0, 1, 0, 0, 0, 0, 0
guardian-0153_png.rf.2a05e0061ff19694b080c846f7b09251.jpg, 0, 0, 1, 0, 0, 0, 0, 0
sheriff-0082_png.rf.2b840cf36bbb1487ce1f3731a4037600.jpg, 0, 0, 0, 0, 0, 0, 1, 0
phantom-0105_png.rf.28930954a232b767778314bcf6887d21.jpg, 0, 0, 0, 0, 0, 1, 0, 0
ghost-0021_png.rf.2d082fbf8f8816a935ba8150f20b4249.jpg, 0, 1, 0, 0, 0, 0, 0, 0
phantom-0077_png.rf.2c4577dd256b14be92d342004b9e50b9.jpg, 0, 0, 0, 0, 0, 1, 0, 0
guardian-0196_png.rf.2e647cb651ab46aaf5ef11bbd7e52130.jpg, 0, 0, 1, 0, 0, 0, 0, 0
guardian-0056_png.rf.25d77233bb5e3ba431b7440d8b1cc972.jpg, 0, 0, 1, 0, 0, 0, 0, 0
vandal-0125_png.rf.2ce5a5799105c5e34e0bbd140311053c.jpg, 0, 0, 0, 0, 0, 0, 0, 1
phantom-0107_png.rf.2d33fe2eb012a8adc8c0e9dcdb6c7e0f.jpg, 0, 0, 0, 0, 0, 1, 0, 0
phantom-0089_png.rf.30d7a5b470a7aa72e9dcf79c418cf940.jpg, 0, 0, 0, 0, 0, 1, 0, 0
knife-0124_png.rf.2ba28d82efed68104141a0ac7509fabd.jpg, 0, 0, 0, 1, 0, 0, 0, 0
sheriff-0076_png.rf.2f3bd909ef3c67e55f3f2ba2451d130c.jpg, 0, 0, 0, 0, 0, 0, 1, 0
knife-0061_png.rf.2b2a090aae61091c5fd1460a25430733.jpg, 0, 0, 0, 1, 0, 0, 0, 0
vandal-0112_png.rf.2f4c4d3a344c3b99c769e3af84f42a9d.jpg, 0, 0, 0, 0, 0, 0, 0, 1
sheriff-0071_png.rf.2d3424d8f067cda6b7b550558946a6ad.jpg, 0, 0, 0, 0, 0, 0, 1, 0
vandal-0062_png.rf.30e38ed9dfe48382b41f55b14bf400b8.jpg, 0, 0, 0, 0, 0, 0, 0, 1
sheriff-0005_png.rf.302a8789374051459b9d19f0de76f3f0.jpg, 0, 0, 0, 0, 0, 0, 1, 0
phantom-0041_png.rf.331dcbad4198043f2eda30c7d9260c81.jpg, 0, 0, 0, 0, 0, 1, 0, 0
ghost-0014_png.rf.327f5697b36e49f1f006c8de1a7fa240.jpg, 0, 1, 0, 0, 0, 0, 0, 0
ghost-0024_png.rf.31275a21013a01d829de0449338c563d.jpg, 0, 1, 0, 0, 0, 0, 0, 0
phantom-0088_png.rf.32b6eb91cc2d9ea5eded207fd306e2d2.jpg, 0, 0, 0, 0, 0, 1, 0, 0
ghost-0010_png.rf.327660eec7965c0102e801c91c3b1baf.jpg, 0, 1, 0, 0, 0, 0, 0, 0
ghost-0080_png.rf.32a7abde91f68e345065473bc229c6a8.jpg, 0, 1, 0, 0, 0, 0, 0, 0
ghost-0039_png.rf.344e382c1545f0675daa49b56e7a174a.jpg, 0, 1, 0, 0, 0, 0, 0, 0
phantom-0120_png.rf.35be3781f88d580b63bfb75749351cae.jpg, 0, 0, 0, 0, 0, 1, 0, 0
vandal-0102_png.rf.310d53ff10076e9ef2ba4f7b3d763c0d.jpg, 0, 0, 0, 0, 0, 0, 0, 1
ghost-0095_png.rf.3278f151d619e6d3d1c1f02b0a36fcdc.jpg, 0, 1, 0, 0, 0, 0, 0, 0
guardian-0075_png.rf.34acc50f31cac2ef6ff8dc37fa41da67.jpg, 0, 0, 1, 0, 0, 0, 0, 0
sheriff-0067_png.rf.3576eb8ab8d3cf47609676dc84d8b21c.jpg, 0, 0, 0, 0, 0, 0, 1, 0
phantom-0016_png.rf.349a28f6708ed6ac456102fe13606ecf.jpg, 0, 0, 0, 0, 0, 1, 0, 0
ghost-0061_png.rf.31ef4528f3ba4a0074278206cd1d67ca.jpg, 0, 1, 0, 0, 0, 0, 0, 0
guardian-0175_png.rf.38a81cda27bf91e90deaff84f27744df.jpg, 0, 0, 1, 0, 0, 0, 0, 0
phantom-0057_png.rf.366ed079ff9005af15c49b5fe13bf007.jpg, 0, 0, 0, 0, 0, 1, 0, 0
knife-0123_png.rf.362d7d8e6b2413f63dba9ba5d919fac8.jpg, 0, 0, 0, 1, 0, 0, 0, 0
ghost-0100_png.rf.36ed2d588286c3e573633bab4a15791b.jpg, 0, 1, 0, 0, 0, 0, 0, 0
sheriff-0059_png.rf.3952e8c4ae2eea3c4681b82ee0f77454.jpg, 0, 0, 0, 0, 0, 0, 1, 0
guardian-0082_png.rf.28908e08c5ee50c3b1cb13ddad517904.jpg, 0, 0, 1, 0, 0, 0, 0, 0
knife-0099_png.rf.3a7f68237ee122eb92099bb79ab627bd.jpg, 0, 0, 0, 1, 0, 0, 0, 0
knife-0117_png.rf.409758e12fa3c029221037797b2b43e8.jpg, 0, 0, 0, 1, 0, 0, 0, 0
vandal-0111_png.rf.3937e4a41a636742752f99672d2f2f3d.jpg, 0, 0, 0, 0, 0, 0, 0, 1
guardian-0004_png.rf.3a06be65615584582855fd2b962a1c6c.jpg, 0, 0, 1, 0, 0, 0, 0, 0
ghost-0077_png.rf.3aa17d3a74719bcc6ee0d18b9f5a9b3c.jpg, 0, 1, 0, 0, 0, 0, 0, 0
knife-0109_png.rf.3abc9ce1a9f634dd150f5fa479b405b1.jpg, 0, 0, 0, 1, 0, 0, 0, 0
guardian-0157_png.rf.3dcd79ca0767f1ec434d56e08a974c1f.jpg, 0, 0, 1, 0, 0, 0, 0, 0
sheriff-0028_png.rf.4111ace1f3cd1008fafdc28ff40639ae.jpg, 0, 0, 0, 0, 0, 0, 1, 0
sheriff-0033_png.rf.41713054487ec639c5c1813bdb995e73.jpg, 0, 0, 0, 0, 0, 0, 1, 0
phantom-0066_png.rf.3c89d42ccc2bb5889bfdd25822413eb4.jpg, 0, 0, 0, 0, 0, 1, 0, 0
knife-0077_png.rf.411e4ebe57147364ec993de5032baa76.jpg, 0, 0, 0, 1, 0, 0, 0, 0
phantom-0006_png.rf.3ebc169e728f7d4ec7037546ad2e269d.jpg, 0, 0, 0, 0, 0, 1, 0, 0
guardian-0066_png.rf.3b16a8f909bc9f951f338eba03febbd3.jpg, 0, 0, 1, 0, 0, 0, 0, 0
guardian-0185_png.rf.3d508515da67035ff532c2b492e6d62e.jpg, 0, 0, 1, 0, 0, 0, 0, 0
phantom-0052_png.rf.3cb655ebdff491dfdb7ce35784a31551.jpg, 0, 0, 0, 0, 0, 1, 0, 0
phantom-0046_png.rf.3aa4f3afc7b6445caab7a45cff10a89b.jpg, 0, 0, 0, 0, 0, 1, 0, 0
vandal-0071_png.rf.3a79ab979f5813e873f52854aa133f4e.jpg, 0, 0, 0, 0, 0, 0, 0, 1
knife-0078_png.rf.45c410e1efef8c67a01e421509c268e2.jpg, 0, 0, 0, 1, 0, 0, 0, 0
knife-0039_png.rf.4237ab8cfe68e20dfeb2f158a9e22481.jpg, 0, 0, 0, 1, 0, 0, 0, 0
sheriff-0016_png.rf.448df46cf443bcdb74bf1c03bd862b27.jpg, 0, 0, 0, 0, 0, 0, 1, 0
guardian-0158_png.rf.3f5608582e21d96218a534f117813403.jpg, 0, 0, 1, 0, 0, 0, 0, 0
guardian-0116_png.rf.449f30f87e805a04050b690709e4f8bb.jpg, 0, 0, 1, 0, 0, 0, 0, 0
sheriff-0085_png.rf.41c7be10aef42df0e261018d1d2e3741.jpg, 0, 0, 0, 0, 0, 0, 1, 0
knife-0065_png.rf.414656f109f5018dc0c9408dd3a6dc24.jpg, 0, 0, 0, 1, 0, 0, 0, 0
phantom-0037_png.rf.46be7d61ca21afa2dce8392b388e355a.jpg, 0, 0, 0, 0, 0, 1, 0, 0
vandal-0129_png.rf.4c3f0491fc651e663b03034dde9ea7eb.jpg, 0, 0, 0, 0, 0, 0, 0, 1
sheriff-0080_png.rf.3b6604eb8c2cb4a1bcb4aeac5d932a5d.jpg, 0, 0, 0, 0, 0, 0, 1, 0
sheriff-0089_png.rf.4ecd9c00b50630d6241a1d79cfa129a3.jpg, 0, 0, 0, 0, 0, 0, 1, 0
guardian-0110_png.rf.4361cdcd70a36f1fe360f0de2f6c64ed.jpg, 0, 0, 1, 0, 0, 0, 0, 0
guardian-0036_png.rf.492b44de3c41771d7b4807db6fac237b.jpg, 0, 0, 1, 0, 0, 0, 0, 0
vandal-0008_png.rf.47e0f7cb0c377005ef511e1434138fcc.jpg, 0, 0, 0, 0, 0, 0, 0, 1
ghost-0060_png.rf.49a7b24cc9317f82ade785ca81d855ac.jpg, 0, 1, 0, 0, 0, 0, 0, 0
vandal-0089_png.rf.463b3a6a1a32defff1e4eaba59d31442.jpg, 0, 0, 0, 0, 0, 0, 0, 1
knife-0013_png.rf.4c011a714df85de8840c5691531e23bf.jpg, 0, 0, 0, 1, 0, 0, 0, 0
phantom-0019_png.rf.492e46d50fde75d2693338ef434fbe67.jpg, 0, 0, 0, 0, 0, 1, 0, 0
vandal-0046_png.rf.499e06698a59b0dc8438b3fe7b242873.jpg, 0, 0, 0, 0, 0, 0, 0, 1
phantom-0079_png.rf.4fcf85240db4f163bf487058a51fbad1.jpg, 0, 0, 0, 0, 0, 1, 0, 0
knife-0076_png.rf.52d30da0fc6e397d21458b5bbdcf34c9.jpg, 0, 0, 0, 1, 0, 0, 0, 0
knife-0125_png.rf.49f37dc7ab8cdb943927839e35e33900.jpg, 0, 0, 0, 1, 0, 0, 0, 0
phantom-0074_png.rf.4f8a06ae0eed205b7f860cdd0b726e15.jpg, 0, 0, 0, 0, 0, 1, 0, 0
guardian-0092_png.rf.4665ef04df1a586f8e70df291d475828.jpg, 0, 0, 1, 0, 0, 0, 0, 0
guardian-0151_png.rf.4eece92c4619085bc04d3f0a3df930d0.jpg, 0, 0, 1, 0, 0, 0, 0, 0
guardian-0170_png.rf.534ad516af8301fa0862ace29f7cc1e4.jpg, 0, 0, 1, 0, 0, 0, 0, 0
vandal-0073_png.rf.c39dd6ca4e16befa88677a6df5c41aa5.jpg, 0, 0, 0, 0, 0, 0, 0, 1
phantom-0100_png.rf.c21f8ddee8f21769bf60d5c8908be322.jpg, 0, 0, 0, 0, 0, 1, 0, 0
knife-0048_png.rf.cb98fb78553729d1fb955b72279a1411.jpg, 0, 0, 0, 1, 0, 0, 0, 0
knife-0003_png.rf.c7fb796bd3d92a5b298fb70efa20dbb5.jpg, 0, 0, 0, 1, 0, 0, 0, 0
sheriff-0077_png.rf.c6d721d87c94db14e1754796a7454d30.jpg, 0, 0, 0, 0, 0, 0, 1, 0
ghost-0098_png.rf.c7974f27590b14353db8924b6bdb1ab4.jpg, 0, 1, 0, 0, 0, 0, 0, 0
knife-0033_png.rf.c832eaf1e826ec0489255cd5d7743d81.jpg, 0, 0, 0, 1, 0, 0, 0, 0
phantom-0122_png.rf.c70ca39c26a97470c38dc608ceefc7d6.jpg, 0, 0, 0, 0, 0, 1, 0, 0
knife-0038_png.rf.caad38ecd802cfb2c9f6a471d81af3df.jpg, 0, 0, 0, 1, 0, 0, 0, 0
phantom-0072_png.rf.c9a97f4f12294b3ceeb3367a10ba8284.jpg, 0, 0, 0, 0, 0, 1, 0, 0
phantom-0081_png.rf.c23727c2ae680feda80c34a3dab8ae43.jpg, 0, 0, 0, 0, 0, 1, 0, 0
phantom-0033_png.rf.c86a5f253b3540379440e1d226756caa.jpg, 0, 0, 0, 0, 0, 1, 0, 0
guardian-0183_png.rf.c9462e4cfcd2533a086871b6b688a132.jpg, 0, 0, 1, 0, 0, 0, 0, 0
knife-0052_png.rf.cb88c8a033793f73265bead19e17a347.jpg, 0, 0, 0, 1, 0, 0, 0, 0
vandal-0126_png.rf.c9e725f6e72a20c05d8a509530547136.jpg, 0, 0, 0, 0, 0, 0, 0, 1
ghost-0054_png.rf.caf83187dbf372ed637e8efeb86f553e.jpg, 0, 1, 0, 0, 0, 0, 0, 0
sheriff-0032_png.rf.c7c3ea7af56e41fedbff827a309a47a0.jpg, 0, 0, 0, 0, 0, 0, 1, 0
vandal-0021_png.rf.ca95d76cebfc0c51452fbd7fe0b1533a.jpg, 0, 0, 0, 0, 0, 0, 0, 1
guardian-0124_png.rf.c8d3e1b497f6c152e83d484099978ae2.jpg, 0, 0, 1, 0, 0, 0, 0, 0
guardian-0139_png.rf.cb107a372dc529ad2fbc9de5ee83843f.jpg, 0, 0, 1, 0, 0, 0, 0, 0
guardian-0122_png.rf.c6cc6b80cac93dc52a52306cb4ed7780.jpg, 0, 0, 1, 0, 0, 0, 0, 0
knife-0031_png.rf.c44f7abd96bcd09871ec8c392f09f9fc.jpg, 0, 0, 0, 1, 0, 0, 0, 0
guardian-0093_png.rf.c62726eb460f710056f6711ef34ecd11.jpg, 0, 0, 1, 0, 0, 0, 0, 0
ghost-0081_png.rf.c652e10f9114243863dfe2514f4d3975.jpg, 0, 1, 0, 0, 0, 0, 0, 0
knife-0130_png.rf.ce7294b91452efcbe846bc4d1db78ff3.jpg, 0, 0, 0, 1, 0, 0, 0, 0
vandal-0122_png.rf.d38988e8195151f2369ac45f981a44a4.jpg, 0, 0, 0, 0, 0, 0, 0, 1
knife-0115_png.rf.cd1d9c5f1bd64defdf85a2ce3fe025ac.jpg, 0, 0, 0, 1, 0, 0, 0, 0
knife-0108_png.rf.d51eba3d387afac96b1a72af421f8233.jpg, 0, 0, 0, 1, 0, 0, 0, 0
guardian-0180_png.rf.c35e0cbc5ca262d9d7034ad8891eda3b.jpg, 0, 0, 1, 0, 0, 0, 0, 0
guardian-0037_png.rf.cc06ed3f1ef31cae0ee572d9def76c48.jpg, 0, 0, 1, 0, 0, 0, 0, 0
vandal-0037_png.rf.cf00ca36035c50faf47fd7c264999810.jpg, 0, 0, 0, 0, 0, 0, 0, 1
sheriff-0007_png.rf.cd3cc3264af8377562234e9ccd6c59cb.jpg, 0, 0, 0, 0, 0, 0, 1, 0
sheriff-0014_png.rf.d3b673c4310a420fc3b7fb11eea30301.jpg, 0, 0, 0, 0, 0, 0, 1, 0
phantom-0071_png.rf.d92510f6915af97b4177b296ea3d1beb.jpg, 0, 0, 0, 0, 0, 1, 0, 0
vandal-0024_png.rf.d2debccf578e825314f3b41c14be8e46.jpg, 0, 0, 0, 0, 0, 0, 0, 1
guardian-0065_png.rf.d0942c66a6c52c7357bad103df78e3db.jpg, 0, 0, 1, 0, 0, 0, 0, 0
guardian-0061_png.rf.d94153f0dc846681851e5538d954e29f.jpg, 0, 0, 1, 0, 0, 0, 0, 0
guardian-0111_png.rf.d4bf446c23fe0ef794f5b74acdcd65ac.jpg, 0, 0, 1, 0, 0, 0, 0, 0
knife-0100_png.rf.d96fb08056502184155f2698d0acc0d2.jpg, 0, 0, 0, 1, 0, 0, 0, 0
guardian-0117_png.rf.d08c1a185fc478738e20d6ae619479a3.jpg, 0, 0, 1, 0, 0, 0, 0, 0
vandal-0082_png.rf.dad5142ed81013118182f49eaa596900.jpg, 0, 0, 0, 0, 0, 0, 0, 1
guardian-0013_png.rf.d03e36b73a5e04da3036d5be1fc26f00.jpg, 0, 0, 1, 0, 0, 0, 0, 0
vandal-0119_png.rf.d9296e110e24f7b3c3fbabfcfe838dc8.jpg, 0, 0, 0, 0, 0, 0, 0, 1
vandal-0151_png.rf.d614e7e63300b96e8b74b28e7aa1478b.jpg, 0, 0, 0, 0, 0, 0, 0, 1
sheriff-0037_png.rf.dadee47bb33f6a7a318ac30b1fcda832.jpg, 0, 0, 0, 0, 0, 0, 1, 0
vandal-0027_png.rf.cd64ecdca2e7ff1ae342f8718abe3117.jpg, 0, 0, 0, 0, 0, 0, 0, 1
guardian-0018_png.rf.db9e2c1ece4e89f16daa1e8580bc53dd.jpg, 0, 0, 1, 0, 0, 0, 0, 0
guardian-0147_png.rf.d58ed25c10aab48a3f8cff684156d87f.jpg, 0, 0, 1, 0, 0, 0, 0, 0
knife-0073_png.rf.d95c388035095e2d5cdf2501ca58a204.jpg, 0, 0, 0, 1, 0, 0, 0, 0
vandal-0116_png.rf.d32460f45c24ec4548462652cd8da2aa.jpg, 0, 0, 0, 0, 0, 0, 0, 1
sheriff-0054_png.rf.de992bb634b0571432c57f0eb2ec03c6.jpg, 0, 0, 0, 0, 0, 0, 1, 0
sheriff-0019_png.rf.e4259f0a101ebdcb7107b1dd6e666562.jpg, 0, 0, 0, 0, 0, 0, 1, 0
sheriff-0056_png.rf.e304e1e90a3c71bfba2892ac6d24e7b8.jpg, 0, 0, 0, 0, 0, 0, 1, 0
sheriff-0068_png.rf.dc00990a66596f45eb6c4015877d174e.jpg, 0, 0, 0, 0, 0, 0, 1, 0
guardian-0012_png.rf.d3a2ed725fd4a507f9ee127fd54e88cf.jpg, 0, 0, 1, 0, 0, 0, 0, 0
ghost-0042_png.rf.db9df8b1605e5a2a35aaff20d9d52499.jpg, 0, 1, 0, 0, 0, 0, 0, 0
ghost-0076_png.rf.dc6d36c901321676a8eaffb0f7c06a22.jpg, 0, 1, 0, 0, 0, 0, 0, 0
guardian-0039_png.rf.dc5dc6b7624ba8730561553eebfe7daa.jpg, 0, 0, 1, 0, 0, 0, 0, 0
guardian-0156_png.rf.e7b6e3d8a7acb6a853012ed0586012cb.jpg, 0, 0, 1, 0, 0, 0, 0, 0
knife-0059_png.rf.e582ec25ccc4ee0e541557dc7b06e48f.jpg, 0, 0, 0, 1, 0, 0, 0, 0
knife-0106_png.rf.e1196871eaabd4f5482b4e9ddfb1bc55.jpg, 0, 0, 0, 1, 0, 0, 0, 0
guardian-0121_png.rf.e26f642213bcd4a651df74f356c44453.jpg, 0, 0, 1, 0, 0, 0, 0, 0
ghost-0007_png.rf.dd6769280e49c7802a840ed304d8f8ed.jpg, 0, 1, 0, 0, 0, 0, 0, 0
sheriff-0060_png.rf.e5fbc7c18ab6dfefa0152a0b06827b00.jpg, 0, 0, 0, 0, 0, 0, 1, 0
guardian-0138_png.rf.e726ea2b2f00bcc847e3ca11c6cc907f.jpg, 0, 0, 1, 0, 0, 0, 0, 0
knife-0010_png.rf.eacc9f2e70fcfb756730b63355010740.jpg, 0, 0, 0, 1, 0, 0, 0, 0
sheriff-0020_png.rf.dd7f1161b87a565545ff771166a1ef0b.jpg, 0, 0, 0, 0, 0, 0, 1, 0
phantom-0096_png.rf.e689041c3723a99caa4a0315507b81b6.jpg, 0, 0, 0, 0, 0, 1, 0, 0
vandal-0107_png.rf.e7aceaead66c34697b8e8c444f539360.jpg, 0, 0, 0, 0, 0, 0, 0, 1
phantom-0012_png.rf.e654172972a84dcfbe095ff205cdee3b.jpg, 0, 0, 0, 0, 0, 1, 0, 0
guardian-0053_png.rf.e1a289a037e02ab2ec682368c4386a21.jpg, 0, 0, 1, 0, 0, 0, 0, 0
ghost-0067_png.rf.e7b9e6aaab40fa8db5df06bcecea2fcf.jpg, 0, 1, 0, 0, 0, 0, 0, 0
guardian-0148_png.rf.ec4ffc2b0ea1c86f84e06345113830ea.jpg, 0, 0, 1, 0, 0, 0, 0, 0
guardian-0115_png.rf.efb8296e0c8237a01dddc47fa618ad34.jpg, 0, 0, 1, 0, 0, 0, 0, 0
vandal-0149_png.rf.efe88c777b821e3149d7a162b02a3440.jpg, 0, 0, 0, 0, 0, 0, 0, 1
guardian-0005_png.rf.f5ae10bab65a73252a345f6ad59f040a.jpg, 0, 0, 1, 0, 0, 0, 0, 0
phantom-0097_png.rf.ec51b7c0ddfb0436db660209cc8bb5ed.jpg, 0, 0, 0, 0, 0, 1, 0, 0
knife-0055_png.rf.ed7dd64cbfdfb017ac23bb08c936397f.jpg, 0, 0, 0, 1, 0, 0, 0, 0
guardian-0127_png.rf.f1de513dae38200fed22e3e9d186e340.jpg, 0, 0, 1, 0, 0, 0, 0, 0
guardian-0020_png.rf.f54d0c8ddd4b0f421a18da8e6fef9a00.jpg, 0, 0, 1, 0, 0, 0, 0, 0
knife-0131_png.rf.effb78f259206f7b2f34310b33a5cab2.jpg, 0, 0, 0, 1, 0, 0, 0, 0
sheriff-0079_png.rf.f229595c7cc290e182209cdf53cb23fe.jpg, 0, 0, 0, 0, 0, 0, 1, 0
knife-0046_png.rf.ee27b7700fe5c91c1b4517830b87b79d.jpg, 0, 0, 0, 1, 0, 0, 0, 0
vandal-0132_png.rf.ed6f94203b0b9ae86cf4494b15ba11d9.jpg, 0, 0, 0, 0, 0, 0, 0, 1
knife-0070_png.rf.f340d1765b26cc916de9aa768e9bed64.jpg, 0, 0, 0, 1, 0, 0, 0, 0
guardian-0130_png.rf.f36001c34074bfdfa10c031186c57ed8.jpg, 0, 0, 1, 0, 0, 0, 0, 0
ghost-0093_png.rf.f08b9d64e691aeef8b491aaaad772748.jpg, 0, 1, 0, 0, 0, 0, 0, 0
guardian-0069_png.rf.eeb32a061b1fd808d3b9f70e1b19cd05.jpg, 0, 0, 1, 0, 0, 0, 0, 0
knife-0121_png.rf.f550ed1044cada84a066d34076eefba9.jpg, 0, 0, 0, 1, 0, 0, 0, 0
vandal-0146_png.rf.f484db587c50c94f874a54c6c0eb2635.jpg, 0, 0, 0, 0, 0, 0, 0, 1
ghost-0025_png.rf.eab7a389963934f01fc260a5cdd37be6.jpg, 0, 1, 0, 0, 0, 0, 0, 0
sheriff-0047_png.rf.ebdb725130256db8849d73c37a735ec1.jpg, 0, 0, 0, 0, 0, 0, 1, 0
ghost-0033_png.rf.eabf14dd9be711d91a8e774e9a1ce76e.jpg, 0, 1, 0, 0, 0, 0, 0, 0
sheriff-0051_png.rf.e95b6f26a9c98fab8239cf32d0e20fcc.jpg, 0, 0, 0, 0, 0, 0, 1, 0
guardian-0090_png.rf.f52309e097d2ca43175ee8798fa98371.jpg, 0, 0, 1, 0, 0, 0, 0, 0
vandal-0036_png.rf.f6be574f77f686b55a8e0d2acd782b4a.jpg, 0, 0, 0, 0, 0, 0, 0, 1
guardian-0024_png.rf.f42115ff162a478fe57e93114f39af5e.jpg, 0, 0, 1, 0, 0, 0, 0, 0
knife-0021_png.rf.f887e64479b83e84e8729cfaf2998a8b.jpg, 0, 0, 0, 1, 0, 0, 0, 0
phantom-0011_png.rf.f814ec03ae48c0eba62665f994fcc77d.jpg, 0, 0, 0, 0, 0, 1, 0, 0
sheriff-0013_png.rf.f7be63456377e63107a35504ee87b2f9.jpg, 0, 0, 0, 0, 0, 0, 1, 0
guardian-0067_png.rf.f614dad5e81976ce7851fb26d1c5d511.jpg, 0, 0, 1, 0, 0, 0, 0, 0
sheriff-0069_png.rf.f9c8eab9d80b1b2f77e47ad6c0c0b952.jpg, 0, 0, 0, 0, 0, 0, 1, 0
sheriff-0025_png.rf.f143605df0569b7b960c9d1222447f04.jpg, 0, 0, 0, 0, 0, 0, 1, 0
ghost-0099_png.rf.fa0218fb634e4355c8f41949d6da0301.jpg, 0, 1, 0, 0, 0, 0, 0, 0
phantom-0115_png.rf.fe3926e321e4603bb474294fe9feb51c.jpg, 0, 0, 0, 0, 0, 1, 0, 0
knife-0103_png.rf.f9a0b160f8a009090d0acd6092c7850d.jpg, 0, 0, 0, 1, 0, 0, 0, 0
guardian-0078_png.rf.fd3d557466bd0b84890449c527583b42.jpg, 0, 0, 1, 0, 0, 0, 0, 0
ghost-0018_png.rf.f9e6b01e9908c4369e10d6e14abc5755.jpg, 0, 1, 0, 0, 0, 0, 0, 0
guardian-0134_png.rf.fe0fa98550e277227d4bf4681b8a17b1.jpg, 0, 0, 1, 0, 0, 0, 0, 0
guardian-0179_png.rf.ff9b14e009f6273f440b43c416b3eabe.jpg, 0, 0, 1, 0, 0, 0, 0, 0
sheriff-0070_png.rf.fc363ca57ee1bbb22b599cde454b0031.jpg, 0, 0, 0, 0, 0, 0, 1, 0
knife-0104_png.rf.fea5d2b64eaf4ebca5d84b314e13a950.jpg, 0, 0, 0, 1, 0, 0, 0, 0
guardian-0034_png.rf.fd3e21c43095e7e31d085cc5b503d0c9.jpg, 0, 0, 1, 0, 0, 0, 0, 0
sheriff-0038_png.rf.fa201de395d8066828c5345c4fd77e4a.jpg, 0, 0, 0, 0, 0, 0, 1, 0
vandal-0059_png.rf.fe3af696a42d628720ba657b359a4577.jpg, 0, 0, 0, 0, 0, 0, 0, 1
knife-0049_png.rf.faaad5ab696a43784e2616b89885554e.jpg, 0, 0, 0, 1, 0, 0, 0, 0
guardian-0091_png.rf.fad23cc6bf41095a1e9d15217b253779.jpg, 0, 0, 1, 0, 0, 0, 0, 0
guardian-0086_png.rf.f76fa127adccbb21be87e7e71e2bd1b9.jpg, 0, 0, 1, 0, 0, 0, 0, 0
knife-0051_png.rf.faed3e84752ba847c738925cefe641b7.jpg, 0, 0, 0, 1, 0, 0, 0, 0
vandal-0032_png.rf.537190ff73f97bc02e12715bceaed06f.jpg, 0, 0, 0, 0, 0, 0, 0, 1
ghost-0037_png.rf.5d077ab0244b6ee9ef7acb52cc36dd8d.jpg, 0, 1, 0, 0, 0, 0, 0, 0
vandal-0077_png.rf.53542a287506f46b538dc99fa505be6b.jpg, 0, 0, 0, 0, 0, 0, 0, 1
sheriff-0081_png.rf.5bde43fc85ff2488a3024f6d6ce1f732.jpg, 0, 0, 0, 0, 0, 0, 1, 0
ghost-0013_png.rf.5a125d0652a5b825493547452cc84642.jpg, 0, 1, 0, 0, 0, 0, 0, 0
phantom-0091_png.rf.57601ba2510393a9f8dd81292a253387.jpg, 0, 0, 0, 0, 0, 1, 0, 0
phantom-0034_png.rf.585891ce636482b81501fc739908bc09.jpg, 0, 0, 0, 0, 0, 1, 0, 0
classic-0012_png.rf.5dd8707a961976a3d9b4719e2cfd00e4.jpg, 1, 0, 0, 0, 0, 0, 0, 0
sheriff-0030_png.rf.5c3e445cf7b7e3ab91d87843686ee944.jpg, 0, 0, 0, 0, 0, 0, 1, 0
guardian-0166_png.rf.536845f4c95a93c73e59455fca0cd7eb.jpg, 0, 0, 1, 0, 0, 0, 0, 0
knife-0075_png.rf.546699fe08bfa5178285e1e096f9dcd4.jpg, 0, 0, 0, 1, 0, 0, 0, 0
vandal-0023_png.rf.5aad9da0cef4d46e2a31cc422b3f2942.jpg, 0, 0, 0, 0, 0, 0, 0, 1
phantom-0035_png.rf.59f6f335d5b702b00d3e6c0cfb14c05c.jpg, 0, 0, 0, 0, 0, 1, 0, 0
guardian-0016_png.rf.5ce27695d1fc1592275beb1a596c098f.jpg, 0, 0, 1, 0, 0, 0, 0, 0
vandal-0113_png.rf.54f3564282e1366d3f82c858ce04ba7c.jpg, 0, 0, 0, 0, 0, 0, 0, 1
guardian-0031_png.rf.5b9a60cc6884d637ec231ada2de343f7.jpg, 0, 0, 1, 0, 0, 0, 0, 0
sheriff-0048_png.rf.5456d8ee178d5089a9594fb4eb30f747.jpg, 0, 0, 0, 0, 0, 0, 1, 0
phantom-0073_png.rf.58101988b08386b4617c28c5ebff2ce0.jpg, 0, 0, 0, 0, 0, 1, 0, 0
phantom-0108_png.rf.591f9a2411a21fb865fcdb16eec3628f.jpg, 0, 0, 0, 0, 0, 1, 0, 0
vandal-0094_png.rf.570eba8fba1e4af481c7f9c0806e956c.jpg, 0, 0, 0, 0, 0, 0, 0, 1
ghost-0065_png.rf.580cf1e20d1c1e26bb407073f499bcfa.jpg, 0, 1, 0, 0, 0, 0, 0, 0
vandal-0017_png.rf.54d9e60ed277b4be1a962d5092c44397.jpg, 0, 0, 0, 0, 0, 0, 0, 1
phantom-0021_png.rf.5500afb627d75722b21d5c92c8cce626.jpg, 0, 0, 0, 0, 0, 1, 0, 0
guardian-0145_png.rf.5e531924f8c2dc351b725c6a30c373c8.jpg, 0, 0, 1, 0, 0, 0, 0, 0
phantom-0063_png.rf.5ba02e7682380f56bed9777eba96913c.jpg, 0, 0, 0, 0, 0, 1, 0, 0
vandal-0069_png.rf.6471c822199705946ec59769fd7df7c4.jpg, 0, 0, 0, 0, 0, 0, 0, 1
knife-0034_png.rf.5e8e93a21c2070554c8e4c1aec19f78a.jpg, 0, 0, 0, 1, 0, 0, 0, 0
guardian-0182_png.rf.652a4e2d98cf1b681fdf18fe20495735.jpg, 0, 0, 1, 0, 0, 0, 0, 0
sheriff-0078_png.rf.62e889474082962ba8badbaf8728c8f7.jpg, 0, 0, 0, 0, 0, 0, 1, 0
phantom-0084_png.rf.61b5a576b360329526071d28f9e5ac11.jpg, 0, 0, 0, 0, 0, 1, 0, 0
vandal-0144_png.rf.607806201ca54855e3559a21bdd915cb.jpg, 0, 0, 0, 0, 0, 0, 0, 1
guardian-0064_png.rf.60955a33181bbb201a8e76dbd32e46e9.jpg, 0, 0, 1, 0, 0, 0, 0, 0
sheriff-0036_png.rf.5f23e6698088a70f362bdf1c0c699e5a.jpg, 0, 0, 0, 0, 0, 0, 1, 0
guardian-0152_png.rf.6523c477b056c1e7bdf46a637993fc22.jpg, 0, 0, 1, 0, 0, 0, 0, 0
vandal-0033_png.rf.6a0b2d42dda7890a57690145a70e8413.jpg, 0, 0, 0, 0, 0, 0, 0, 1
sheriff-0008_png.rf.65378df6f294ba63272634c488d6c0b8.jpg, 0, 0, 0, 0, 0, 0, 1, 0
guardian-0172_png.rf.6b40eef95321dd9f4d642bb2aa3fc923.jpg, 0, 0, 1, 0, 0, 0, 0, 0
guardian-0192_png.rf.6148330395491bdbd9bf22e162107cbf.jpg, 0, 0, 1, 0, 0, 0, 0, 0
vandal-0012_png.rf.686fea54435320bfe610520eb1a7fd18.jpg, 0, 0, 0, 0, 0, 0, 0, 1
phantom-0087_png.rf.651204165bbc044308ee1c3fd52b9c5d.jpg, 0, 0, 0, 0, 0, 1, 0, 0
knife-0107_png.rf.6bb0a6f434d6fb3d725a7d4445afed7c.jpg, 0, 0, 0, 1, 0, 0, 0, 0
guardian-0096_png.rf.60aaaef2a97062157c8109a4fe255365.jpg, 0, 0, 1, 0, 0, 0, 0, 0
ghost-0091_png.rf.67032fead3f95728e7a9093da144b271.jpg, 0, 1, 0, 0, 0, 0, 0, 0
guardian-0123_png.rf.68eaeafb888eaee23fd59b8142e290ce.jpg, 0, 0, 1, 0, 0, 0, 0, 0
ghost-0058_png.rf.60e0bb6cc318757e535ce969e073e022.jpg, 0, 1, 0, 0, 0, 0, 0, 0
phantom-0018_png.rf.5f31aa9b288fd8ec2ebcc9f6e852401f.jpg, 0, 0, 0, 0, 0, 1, 0, 0
phantom-0009_png.rf.6616c6a19d2bed84fc6a17d25460ef80.jpg, 0, 0, 0, 0, 0, 1, 0, 0
vandal-0133_png.rf.65fef94e99512db3869d58b5b2e4789a.jpg, 0, 0, 0, 0, 0, 0, 0, 1
guardian-0154_png.rf.67006b4ba3ba09c47f5c7cf38e43577b.jpg, 0, 0, 1, 0, 0, 0, 0, 0
guardian-0077_png.rf.6d3e08b0b7f2a1db3c440fe23e45dc29.jpg, 0, 0, 1, 0, 0, 0, 0, 0
vandal-0120_png.rf.6c069f4bb5751055733df5e3f9d01925.jpg, 0, 0, 0, 0, 0, 0, 0, 1
ghost-0101_png.rf.6f5dee51e5a9d99d8b1d46a560680883.jpg, 0, 1, 0, 0, 0, 0, 0, 0
knife-0086_png.rf.707016bf8a6be5fe82480e1e544d819e.jpg, 0, 0, 0, 1, 0, 0, 0, 0
phantom-0013_png.rf.6d6a6610c37e1c6e9b7e8ca39c6583aa.jpg, 0, 0, 0, 0, 0, 1, 0, 0
vandal-0084_png.rf.6de06617d177fb94ca37fe78ad3cc780.jpg, 0, 0, 0, 0, 0, 0, 0, 1
knife-0018_png.rf.6f35c1fc48924b8c0e69113b42350895.jpg, 0, 0, 0, 1, 0, 0, 0, 0
guardian-0040_png.rf.71509e72bfddc07185264f55a73ae22a.jpg, 0, 0, 1, 0, 0, 0, 0, 0
knife-0063_png.rf.6e7223c6e49267b7ccb7f56ee977d9af.jpg, 0, 0, 0, 1, 0, 0, 0, 0
classic-0020_png.rf.70cd507d448cef7bfaa1853cf3945089.jpg, 1, 0, 0, 0, 0, 0, 0, 0
knife-0044_png.rf.720aa18a3934e15867c8626471042284.jpg, 0, 0, 0, 1, 0, 0, 0, 0
vandal-0121_png.rf.7347e1aeef6ddaa394b27bd21d813142.jpg, 0, 0, 0, 0, 0, 0, 0, 1
guardian-0107_png.rf.7029bfc113c05e717e8abf0f517a4789.jpg, 0, 0, 1, 0, 0, 0, 0, 0
knife-0102_png.rf.74a9d7d6340de33ff07ca5f6bac2af91.jpg, 0, 0, 0, 1, 0, 0, 0, 0
guardian-0120_png.rf.6dce2bb9b4ae7101692d7713613ee042.jpg, 0, 0, 1, 0, 0, 0, 0, 0
guardian-0109_png.rf.7221981fcc55657904c86766557ee0e8.jpg, 0, 0, 1, 0, 0, 0, 0, 0
guardian-0163_png.rf.7151edb91924c079b294477f246b52a5.jpg, 0, 0, 1, 0, 0, 0, 0, 0
vandal-0015_png.rf.709c71ac9f144496d46246e92821f79c.jpg, 0, 0, 0, 0, 0, 0, 0, 1
ghost-0088_png.rf.6e6e4ffa274ca3b6fb769e25e1e93fb0.jpg, 0, 1, 0, 0, 0, 0, 0, 0
knife-0006_png.rf.700732376d84dc429deb5eb2cfd1292d.jpg, 0, 0, 0, 1, 0, 0, 0, 0
ghost-0035_png.rf.6eb7289a5a999ab2af44e4d08cee02c3.jpg, 0, 1, 0, 0, 0, 0, 0, 0
guardian-0087_png.rf.74ba95751d7212c185cc98c269fdd039.jpg, 0, 0, 1, 0, 0, 0, 0, 0
vandal-0080_png.rf.6fb6a0aff23dbaa5f880d0d87ab5ce52.jpg, 0, 0, 0, 0, 0, 0, 0, 1
phantom-0053_png.rf.74ba63670c3afca004d6cd6e477a032b.jpg, 0, 0, 0, 0, 0, 1, 0, 0
ghost-0023_png.rf.622f3f97146032edd9563418292584ee.jpg, 0, 1, 0, 0, 0, 0, 0, 0
vandal-0100_png.rf.6d983945ad483a0adf720657b56c1c95.jpg, 0, 0, 0, 0, 0, 0, 0, 1
guardian-0190_png.rf.78b96ee9800d2f8893ac34ac00bcca58.jpg, 0, 0, 1, 0, 0, 0, 0, 0
vandal-0064_png.rf.751db0e9db1acb41e33665eee9c7633e.jpg, 0, 0, 0, 0, 0, 0, 0, 1
vandal-0092_png.rf.76375d02b98da2f7e95833d1310c0560.jpg, 0, 0, 0, 0, 0, 0, 0, 1
phantom-0004_png.rf.7b299863a6f1d89e8daa614b8f9006d7.jpg, 0, 0, 0, 0, 0, 1, 0, 0
phantom-0015_png.rf.795f6b5c449cd6964fb90d2df12f72df.jpg, 0, 0, 0, 0, 0, 1, 0, 0
vandal-0101_png.rf.79ac771d68a64ccad9a1979249dde9ef.jpg, 0, 0, 0, 0, 0, 0, 0, 1
guardian-0015_png.rf.7c926c6b81571825de9a6e18c8efaa7c.jpg, 0, 0, 1, 0, 0, 0, 0, 0
guardian-0119_png.rf.70197aa776f0ae107214c323b91b4efd.jpg, 0, 0, 1, 0, 0, 0, 0, 0
ghost-0085_png.rf.7d1803ef5da98e70418cdf7cf320a819.jpg, 0, 1, 0, 0, 0, 0, 0, 0
ghost-0066_png.rf.7bf6c5fc054463fc001404e1b7a81e3a.jpg, 0, 1, 0, 0, 0, 0, 0, 0
vandal-0093_png.rf.7b9516ca8f9e2e2bfec2edab537ebc97.jpg, 0, 0, 0, 0, 0, 0, 0, 1
classic-0015_png.rf.78e7dbc5708ff79279c057dfce789ebf.jpg, 1, 0, 0, 0, 0, 0, 0, 0
knife-0064_png.rf.7ef06cd4f4edbecb48a33a4f25cfbf8b.jpg, 0, 0, 0, 1, 0, 0, 0, 0
vandal-0004_png.rf.7e1219ac1bfed1c86f2dfe5c8423e9d4.jpg, 0, 0, 0, 0, 0, 0, 0, 1
guardian-0009_png.rf.7789ab6107e453058f5624d9c97e677a.jpg, 0, 0, 1, 0, 0, 0, 0, 0
ghost-0083_png.rf.7a03b21769685fad0db27ae43e857960.jpg, 0, 1, 0, 0, 0, 0, 0, 0
sheriff-0011_png.rf.796228c26e5a077c0615ecf2a4ca89cb.jpg, 0, 0, 0, 0, 0, 0, 1, 0
guardian-0058_png.rf.7ec53ba384b00e1a133bb29cf7531780.jpg, 0, 0, 1, 0, 0, 0, 0, 0
guardian-0125_png.rf.7eddaa33c668c0414b8900937b27d529.jpg, 0, 0, 1, 0, 0, 0, 0, 0
ghost-0070_png.rf.7d40213394fd9697972cd08e35adb0f1.jpg, 0, 1, 0, 0, 0, 0, 0, 0
guardian-0072_png.rf.7ba3cbaa84d16d935c389a4e6e931633.jpg, 0, 0, 1, 0, 0, 0, 0, 0
vandal-0074_png.rf.7963bb2e1bc45bace012cea622b5a46f.jpg, 0, 0, 0, 0, 0, 0, 0, 1
ghost-0017_png.rf.7fbfbff208a395edb96c452b4dedb1e0.jpg, 0, 1, 0, 0, 0, 0, 0, 0
vandal-0060_png.rf.7f125e016eaa544111b415536eb1803b.jpg, 0, 0, 0, 0, 0, 0, 0, 1
vandal-0010_png.rf.7fd9476b1ddc8402deea3e101c003261.jpg, 0, 0, 0, 0, 0, 0, 0, 1
knife-0080_png.rf.8283d2d80809e5d07d3bb90910443c16.jpg, 0, 0, 0, 1, 0, 0, 0, 0
knife-0091_png.rf.7ecd6cf6a8acb1b8069b456cb7ef6c7a.jpg, 0, 0, 0, 1, 0, 0, 0, 0
vandal-0096_png.rf.8143a62d30a7e68d774da7a788f891a8.jpg, 0, 0, 0, 0, 0, 0, 0, 1
phantom-0111_png.rf.7d494626c74e48dc21883ca9f2951073.jpg, 0, 0, 0, 0, 0, 1, 0, 0
knife-0047_png.rf.7f432cc5c1b81b4f8ca08428ff86f5df.jpg, 0, 0, 0, 1, 0, 0, 0, 0
phantom-0070_png.rf.8081ae06c26eac492bee8347559a1ee3.jpg, 0, 0, 0, 0, 0, 1, 0, 0
phantom-0031_png.rf.8123b389a9834937691e617169b6f086.jpg, 0, 0, 0, 0, 0, 1, 0, 0
ghost-0031_png.rf.83412c18ca693e0f1272d295121096ac.jpg, 0, 1, 0, 0, 0, 0, 0, 0
guardian-0043_png.rf.8291c9633b3249dd1fce5f7478e2a528.jpg, 0, 0, 1, 0, 0, 0, 0, 0
phantom-0065_png.rf.8310619a4db1dd1ad1c8d715c2617389.jpg, 0, 0, 0, 0, 0, 1, 0, 0
phantom-0101_png.rf.856e7061a8d8d7a946220af640fd3c11.jpg, 0, 0, 0, 0, 0, 1, 0, 0
vandal-0137_png.rf.855e244b65cab4869a6736992b113597.jpg, 0, 0, 0, 0, 0, 0, 0, 1
vandal-0123_png.rf.82ec57a1139168404828987a5ad9ba5d.jpg, 0, 0, 0, 0, 0, 0, 0, 1
vandal-0106_png.rf.82f18a1bcb0f617b47a6e3c347971b29.jpg, 0, 0, 0, 0, 0, 0, 0, 1
ghost-0016_png.rf.7f1338c2daaa36e2afdccbe239fe7559.jpg, 0, 1, 0, 0, 0, 0, 0, 0
knife-0037_png.rf.81d27e10c519113a3406262e1280b44b.jpg, 0, 0, 0, 1, 0, 0, 0, 0
ghost-0030_png.rf.86368b8891712bfea73a7d2aaa6a2123.jpg, 0, 1, 0, 0, 0, 0, 0, 0
sheriff-0023_png.rf.87508a6f46eb583390b4cff5dede51e3.jpg, 0, 0, 0, 0, 0, 0, 1, 0
phantom-0059_png.rf.80aad31ac2378d31fbf6bb409b35cf63.jpg, 0, 0, 0, 0, 0, 1, 0, 0
vandal-0052_png.rf.8907e4bafdc35c356352d0ac54944575.jpg, 0, 0, 0, 0, 0, 0, 0, 1
phantom-0086_png.rf.853df4c839e83c37585252ad72544958.jpg, 0, 0, 0, 0, 0, 1, 0, 0
vandal-0030_png.rf.8716f6e869302c5124f24faa0d548a2a.jpg, 0, 0, 0, 0, 0, 0, 0, 1
vandal-0035_png.rf.89a94b45d7804fd65fb9fd3e0af0109d.jpg, 0, 0, 0, 0, 0, 0, 0, 1
guardian-0097_png.rf.85dc72dae7cb9fa560f4da1ca2c2335a.jpg, 0, 0, 1, 0, 0, 0, 0, 0
phantom-0094_png.rf.89388e772b99e0dc401e2bbc49348922.jpg, 0, 0, 0, 0, 0, 1, 0, 0
ghost-0082_png.rf.8a54c27bda8a45b764342eae9f11a976.jpg, 0, 1, 0, 0, 0, 0, 0, 0
vandal-0148_png.rf.905656b4edaab43bd8ae4a2e9c9c1e4d.jpg, 0, 0, 0, 0, 0, 0, 0, 1
sheriff-0040_png.rf.8d5967de5db4e8643f65e1d6620ae801.jpg, 0, 0, 0, 0, 0, 0, 1, 0
knife-0057_png.rf.8cb882e971bd3a4dc32c34ac970874c6.jpg, 0, 0, 0, 1, 0, 0, 0, 0
guardian-0068_png.rf.8e3fcaabc382b0dc7c62e031c0a42085.jpg, 0, 0, 1, 0, 0, 0, 0, 0
guardian-0063_png.rf.8c32c00fec3deb5856b76785f6571025.jpg, 0, 0, 1, 0, 0, 0, 0, 0
phantom-0083_png.rf.8dce46f709c4d86d1410928cd2ab33a1.jpg, 0, 0, 0, 0, 0, 1, 0, 0
ghost-0020_png.rf.8e3a4c9e4d2407078e8ec09485004d69.jpg, 0, 1, 0, 0, 0, 0, 0, 0
guardian-0177_png.rf.8da0bcb725dd277bfe793e142d8d6e12.jpg, 0, 0, 1, 0, 0, 0, 0, 0
guardian-0010_png.rf.7d76cd7539481bd62d6afc07f83888f1.jpg, 0, 0, 1, 0, 0, 0, 0, 0
knife-0007_png.rf.90fabac9d755513d825f0ea69bdc32bc.jpg, 0, 0, 0, 1, 0, 0, 0, 0
phantom-0076_png.rf.928557c69c7db4c260c93d49aab1b72e.jpg, 0, 0, 0, 0, 0, 1, 0, 0
sheriff-0027_png.rf.8f7436e64a9d0de415a16a6978f975e1.jpg, 0, 0, 0, 0, 0, 0, 1, 0
guardian-0059_png.rf.8cf709da01a5396f0c2418108deb1c31.jpg, 0, 0, 1, 0, 0, 0, 0, 0
phantom-0062_png.rf.910e4e3d98aa65c4d2b787bae9118ed4.jpg, 0, 0, 0, 0, 0, 1, 0, 0
vandal-0110_png.rf.8e10b808f0524a321d8cf02fb4b17a46.jpg, 0, 0, 0, 0, 0, 0, 0, 1
knife-0082_png.rf.8a82fbe7ce650097a8d38135478b8ba1.jpg, 0, 0, 0, 1, 0, 0, 0, 0
guardian-0103_png.rf.8ac4ea7a27ca5e1620ad935efa7d5e50.jpg, 0, 0, 1, 0, 0, 0, 0, 0
phantom-0118_png.rf.90f61d08e40af72b8fe827a9b01a5d75.jpg, 0, 0, 0, 0, 0, 1, 0, 0
vandal-0025_png.rf.86bb066dac94be6815b3b0db4a408c07.jpg, 0, 0, 0, 0, 0, 0, 0, 1
phantom-0092_png.rf.92411d62764674c0c6a6ac3daa9524be.jpg, 0, 0, 0, 0, 0, 1, 0, 0
knife-0067_png.rf.8b4ae952e571b9f55e257690c170ef63.jpg, 0, 0, 0, 1, 0, 0, 0, 0
ghost-0056_png.rf.9579d2e140fa696c3c7f71944eb87212.jpg, 0, 1, 0, 0, 0, 0, 0, 0
ghost-0028_png.rf.961db9a7131e78d14683c9789a961346.jpg, 0, 1, 0, 0, 0, 0, 0, 0
guardian-0057_png.rf.9838c62e46226aedb5ccbac0db2553a5.jpg, 0, 0, 1, 0, 0, 0, 0, 0
ghost-0078_png.rf.9568f2e5879142e4cfb09b108b741451.jpg, 0, 1, 0, 0, 0, 0, 0, 0
knife-0127_png.rf.98df5478a5dde4c644405268892f6d73.jpg, 0, 0, 0, 1, 0, 0, 0, 0
knife-0023_png.rf.9b4aea1e4978450a126a0546bd82f9b1.jpg, 0, 0, 0, 1, 0, 0, 0, 0
ghost-0038_png.rf.9ab21e94dce302f79d35b1336800a75b.jpg, 0, 1, 0, 0, 0, 0, 0, 0
guardian-0195_png.rf.97ae50d3b697af878e7ce9f676ede37a.jpg, 0, 0, 1, 0, 0, 0, 0, 0
ghost-0072_png.rf.9abf98ca8523d2f8f0273c56e437a5f6.jpg, 0, 1, 0, 0, 0, 0, 0, 0
sheriff-0049_png.rf.9bb60f7b82115de4563f5885e22943df.jpg, 0, 0, 0, 0, 0, 0, 1, 0
knife-0025_png.rf.968a1803f3d669839c8331eeefb586e6.jpg, 0, 0, 0, 1, 0, 0, 0, 0
ghost-0094_png.rf.9e0d605296d26368e004bdb740f96390.jpg, 0, 1, 0, 0, 0, 0, 0, 0
ghost-0032_png.rf.9c520292bfcd0240d8be9296c22cd2f3.jpg, 0, 1, 0, 0, 0, 0, 0, 0
phantom-0078_png.rf.9c032f5a70a63144186912d1f1009d51.jpg, 0, 0, 0, 0, 0, 1, 0, 0
knife-0068_png.rf.a01575f8b6a744194be92b471f71fdaf.jpg, 0, 0, 0, 1, 0, 0, 0, 0
phantom-0030_png.rf.9c5e21923fd721f2584ed68cd1754cd2.jpg, 0, 0, 0, 0, 0, 1, 0, 0
ghost-0057_png.rf.9f560233f3a930ff26753e44e1da5fa1.jpg, 0, 1, 0, 0, 0, 0, 0, 0
vandal-0058_png.rf.9b8c7b87795e1ea1253335840b109031.jpg, 0, 0, 0, 0, 0, 0, 0, 1
phantom-0025_png.rf.9d40cb6deb4d7e1f77102f8bca1f17a9.jpg, 0, 0, 0, 0, 0, 1, 0, 0
knife-0062_png.rf.9eea65c9b8b6a1accd7150d2574fc5da.jpg, 0, 0, 0, 1, 0, 0, 0, 0
knife-0014_png.rf.a00c690535e0cf724cc5f4c952e2e91c.jpg, 0, 0, 0, 1, 0, 0, 0, 0
sheriff-0063_png.rf.9884e3fec7cf51a2be01f1f73569854b.jpg, 0, 0, 0, 0, 0, 0, 1, 0
knife-0053_png.rf.9d307f6958c8fc6fc94462968bd3d258.jpg, 0, 0, 0, 1, 0, 0, 0, 0
phantom-0036_png.rf.9bef497d691a45dd548c5f441c00ca14.jpg, 0, 0, 0, 0, 0, 1, 0, 0
vandal-0042_png.rf.97006684a8975c0d25f3ba86e0811df5.jpg, 0, 0, 0, 0, 0, 0, 0, 1
vandal-0067_png.rf.a14bd49d88da2d065da506727ba1bc68.jpg, 0, 0, 0, 0, 0, 0, 0, 1
guardian-0132_png.rf.a1550e15fe54d4db6dd946fffa7ad8c7.jpg, 0, 0, 1, 0, 0, 0, 0, 0
vandal-0066_png.rf.958cc3e77992d990afc61bb89e388a85.jpg, 0, 0, 0, 0, 0, 0, 0, 1
guardian-0071_png.rf.9ea59535ee220955ef14125987931bbe.jpg, 0, 0, 1, 0, 0, 0, 0, 0
guardian-0160_png.rf.a08f6ad1104bbd83e2d5d48ead71ab09.jpg, 0, 0, 1, 0, 0, 0, 0, 0
guardian-0006_png.rf.a273826257ba75bd8234e5ff9a07b9a7.jpg, 0, 0, 1, 0, 0, 0, 0, 0
knife-0045_png.rf.a1fcfde90f67b7c8e0f46385ee41074c.jpg, 0, 0, 0, 1, 0, 0, 0, 0
phantom-0080_png.rf.9fe69d01799041c679d94affdcf83d55.jpg, 0, 0, 0, 0, 0, 1, 0, 0
ghost-0009_png.rf.a29fe900c708602e865e4d2e8d74f048.jpg, 0, 1, 0, 0, 0, 0, 0, 0
ghost-0008_png.rf.a1a4af65180b50fa09396bab30c09f4f.jpg, 0, 1, 0, 0, 0, 0, 0, 0
phantom-0102_png.rf.a760af00c6fbd2bfa7e04018899d52ad.jpg, 0, 0, 0, 0, 0, 1, 0, 0
sheriff-0017_png.rf.a457315c2580e4d11de62d3f68262417.jpg, 0, 0, 0, 0, 0, 0, 1, 0
guardian-0188_png.rf.a2b072f01239995cb4ee8511428d4658.jpg, 0, 0, 1, 0, 0, 0, 0, 0
knife-0126_png.rf.a9498632497958ae39c21ea7b180a3b4.jpg, 0, 0, 0, 1, 0, 0, 0, 0
ghost-0040_png.rf.a58b170f3a4271ff3bd20ee6807bd81b.jpg, 0, 1, 0, 0, 0, 0, 0, 0
vandal-0115_png.rf.ac29062699488badff80d10cde3811b8.jpg, 0, 0, 0, 0, 0, 0, 0, 1
sheriff-0029_png.rf.a5355d7f4e6509c6d9bdec86cb9e8e42.jpg, 0, 0, 0, 0, 0, 0, 1, 0
ghost-0071_png.rf.ac472daea33f3c2a97e26ef626030b28.jpg, 0, 1, 0, 0, 0, 0, 0, 0
knife-0026_png.rf.ad98b5397cb1c53b8157134809691c40.jpg, 0, 0, 0, 1, 0, 0, 0, 0
vandal-0081_png.rf.a9770047b1d09f20c80cdb7f3f645cbd.jpg, 0, 0, 0, 0, 0, 0, 0, 1
sheriff-0073_png.rf.ac2e207dcbb692276facedd327a8d8a9.jpg, 0, 0, 0, 0, 0, 0, 1, 0
knife-0116_png.rf.a4f2a9a8ee0b6b6aedf50a521d4006bd.jpg, 0, 0, 0, 1, 0, 0, 0, 0
sheriff-0034_png.rf.aa3b2b7ffc9a80ea78844b5b0acd64be.jpg, 0, 0, 0, 0, 0, 0, 1, 0
phantom-0029_png.rf.a849655f1e87a8cbf11e6a1262db5cbe.jpg, 0, 0, 0, 0, 0, 1, 0, 0
guardian-0174_png.rf.ad59ebe9e96b0c260490d4796b7ac385.jpg, 0, 0, 1, 0, 0, 0, 0, 0
guardian-0101_png.rf.ada6aa050735aa6ca1a533c0be4c31db.jpg, 0, 0, 1, 0, 0, 0, 0, 0
vandal-0117_png.rf.add42ea3e8984b5a382ca46da5e974f7.jpg, 0, 0, 0, 0, 0, 0, 0, 1
vandal-0138_png.rf.a2ece018265bd0211f8b9d770a27cc18.jpg, 0, 0, 0, 0, 0, 0, 0, 1
ghost-0051_png.rf.a42e933b83f98d5646a4a06a4746bcc9.jpg, 0, 1, 0, 0, 0, 0, 0, 0
knife-0114_png.rf.ad9aa5903efec0be7783976bd336b4e7.jpg, 0, 0, 0, 1, 0, 0, 0, 0
phantom-0044_png.rf.a60c0a4ce63a26b722d09ee0cd68eb2c.jpg, 0, 0, 0, 0, 0, 1, 0, 0
guardian-0051_png.rf.ae387c752d6d7c81c8f629877625d228.jpg, 0, 0, 1, 0, 0, 0, 0, 0
guardian-0029_png.rf.a855659d600d107c3aba2a3978a064a4.jpg, 0, 0, 1, 0, 0, 0, 0, 0
knife-0040_png.rf.a9c3411d19a2a5ff8f5d65fc953ac1ca.jpg, 0, 0, 0, 1, 0, 0, 0, 0
guardian-0030_png.rf.aeccc2be100a43297e3bda17eeb96bc0.jpg, 0, 0, 1, 0, 0, 0, 0, 0
vandal-0142_png.rf.b306dee10cde02d3f1ddf62e9fa70472.jpg, 0, 0, 0, 0, 0, 0, 0, 1
phantom-0085_png.rf.b16027ebaa86d69bc3a7308ce3e2c78d.jpg, 0, 0, 0, 0, 0, 1, 0, 0
knife-0129_png.rf.b2e22050419e990ad8fc3b30ca585f5f.jpg, 0, 0, 0, 1, 0, 0, 0, 0
phantom-0005_png.rf.b220f83f0b08a6256b0113b9d0d3613c.jpg, 0, 0, 0, 0, 0, 1, 0, 0
guardian-0076_png.rf.b53fcd06b6d3461b4afec5d757b0009f.jpg, 0, 0, 1, 0, 0, 0, 0, 0
guardian-0102_png.rf.a87da3959a572b0049b59f654f46c357.jpg, 0, 0, 1, 0, 0, 0, 0, 0
vandal-0099_png.rf.b44e25392eecb01be02cc4809687917a.jpg, 0, 0, 0, 0, 0, 0, 0, 1
guardian-0105_png.rf.b479c1ff9666d420b5b46d3feb6f8404.jpg, 0, 0, 1, 0, 0, 0, 0, 0
guardian-0189_png.rf.b16ae2a3d42a8bfb82549db7f1122825.jpg, 0, 0, 1, 0, 0, 0, 0, 0
vandal-0140_png.rf.b61272ded28d5d2723d3b25499a106d3.jpg, 0, 0, 0, 0, 0, 0, 0, 1
ghost-0089_png.rf.b619727ef778e8e97f93bd48585101a1.jpg, 0, 1, 0, 0, 0, 0, 0, 0
guardian-0026_png.rf.b672a4dd5f8e339a578c8d6e6b7fcb6d.jpg, 0, 0, 1, 0, 0, 0, 0, 0
knife-0024_png.rf.b7d2b4a56c7ec35a3d4bbaa31e4e6d3e.jpg, 0, 0, 0, 1, 0, 0, 0, 0
ghost-0046_png.rf.b79d5601cb6bb61a14aa0c0f0fe78fed.jpg, 0, 1, 0, 0, 0, 0, 0, 0
guardian-0042_png.rf.b8ba46fe7a1747f86dc5d3bc59f9e247.jpg, 0, 0, 1, 0, 0, 0, 0, 0
guardian-0149_png.rf.b4de54a6cf1f381acd105caafbbc945e.jpg, 0, 0, 1, 0, 0, 0, 0, 0
vandal-0009_png.rf.b6c65cf77d3e20f65e9844ace4fc3ac8.jpg, 0, 0, 0, 0, 0, 0, 0, 1
guardian-0131_png.rf.b86ad8afb5e61d353b7fcd7c1e0cf828.jpg, 0, 0, 1, 0, 0, 0, 0, 0
guardian-0033_png.rf.bb090223ee3115d0f9730a2aa1c569ef.jpg, 0, 0, 1, 0, 0, 0, 0, 0
ghost-0055_png.rf.b7699c3ea8c9b86f6456f3c5a01105c6.jpg, 0, 1, 0, 0, 0, 0, 0, 0
phantom-0095_png.rf.b73435350169d667a4d1a8f51c06d291.jpg, 0, 0, 0, 0, 0, 1, 0, 0
sheriff-0012_png.rf.b493378d731c378c75083269c1f7ea0c.jpg, 0, 0, 0, 0, 0, 0, 1, 0
ghost-0044_png.rf.bbc4d2604a4fad91df43465f5f29791c.jpg, 0, 1, 0, 0, 0, 0, 0, 0
sheriff-0052_png.rf.b8317a42cd18c3909c05871d4e0f2a24.jpg, 0, 0, 0, 0, 0, 0, 1, 0
vandal-0040_png.rf.b8be15cb0ca7f5bb56692f41ccfc2e50.jpg, 0, 0, 0, 0, 0, 0, 0, 1
phantom-0020_png.rf.b6e0e137f61b836b25d4354257fef044.jpg, 0, 0, 0, 0, 0, 1, 0, 0
phantom-0014_png.rf.bd3e29f426cae1f5a2510a9496adf9cf.jpg, 0, 0, 0, 0, 0, 1, 0, 0
guardian-0038_png.rf.bd35530628e438bdf3e69e362b461205.jpg, 0, 0, 1, 0, 0, 0, 0, 0
guardian-0168_png.rf.b4b8ed4bae807d96efd473f91d5388d7.jpg, 0, 0, 1, 0, 0, 0, 0, 0
guardian-0098_png.rf.b90e3d7c0497f6861b8c5026de3688c9.jpg, 0, 0, 1, 0, 0, 0, 0, 0
vandal-0145_png.rf.be36d7ebc0374047d95a0d9cc2fd2cfb.jpg, 0, 0, 0, 0, 0, 0, 0, 1
classic-0014_png.rf.bfa1b45d6bb874dfe6cb2bd8cddb3831.jpg, 1, 0, 0, 0, 0, 0, 0, 0
guardian-0035_png.rf.c151169b277dfbf88b9dffe6e8e3542b.jpg, 0, 0, 1, 0, 0, 0, 0, 0
ghost-0026_png.rf.bb6111da5a150f46f162260406442af7.jpg, 0, 1, 0, 0, 0, 0, 0, 0
phantom-0051_png.rf.c075b21930772184c95f1f4fe22056ee.jpg, 0, 0, 0, 0, 0, 1, 0, 0
guardian-0165_png.rf.be7519e3d20ed38f14fd0038907d8356.jpg, 0, 0, 1, 0, 0, 0, 0, 0
knife-0069_png.rf.c088dc9a3d41f33e98e647127b4bc807.jpg, 0, 0, 0, 1, 0, 0, 0, 0
sheriff-0062_png.rf.be5544131446e07c7a2f413a4fd0ddee.jpg, 0, 0, 0, 0, 0, 0, 1, 0
vandal-0083_png.rf.c1ca2c2cf7628472da404c713113229d.jpg, 0, 0, 0, 0, 0, 0, 0, 1
vandal-0016_png.rf.b9cd8346ce67ec11ce2541b4d8f1bdb4.jpg, 0, 0, 0, 0, 0, 0, 0, 1
phantom-0110_png.rf.bcdca0c53bf9508d2a40a2c158deab68.jpg, 0, 0, 0, 0, 0, 1, 0, 0
knife-0085_png.rf.bec5b484d5a1835d38cce1f48363e14c.jpg, 0, 0, 0, 1, 0, 0, 0, 0
ghost-0019_png.rf.c1aa214a2d67eaaee133367a968f1d54.jpg, 0, 1, 0, 0, 0, 0, 0, 0